{   
    "guardian.curse": {
        "category": "hostile",
        "sounds": [
            "guardian/curse"
        ]
    },
    "guardian.death": {
        "category": "hostile",
        "sounds": [
            "guardian/guardian_death"
        ]
    },
    "allay.death": {
        "category": "hostile",
        "sounds": [
            "allay/death1",
            "allay/death2"
        ]
    },
    "allay.hurt": {
        "category": "hostile",
        "sounds": [
            "allay/hurt1",
            "allay/hurt2"
        ]
    },
    "allay.idle_with_item": {
        "category": "hostile",
        "sounds": [
            "allay/idle_with_item1",
            "allay/idle_with_item2",
            "allay/idle_with_item3",
            "allay/idle_with_item4"
        ]
    },
    "allay.idle_without_item": {
        "category": "hostile",
        "sounds": [
            "allay/idle_without_item1",
            "allay/idle_without_item2",
            "allay/idle_without_item3",
            "allay/idle_without_item4"
        ]
    },
    "allay.item_given": {
        "category": "hostile",
        "sounds": [
            "allay/item_given1",
            "allay/item_given2",
            "allay/item_given3",
            "allay/item_given4"
        ]
    },
    "allay.item_taken": {
        "category": "hostile",
        "sounds": [
            "allay/item_taken1",
            "allay/item_taken2",
            "allay/item_taken3",
            "allay/item_taken4"
        ]
    },
    "allay.thrown": {
        "category": "hostile",
        "sounds": [
            "allay/item_thrown1"
        ]
    },
    "warden.death": {
        "category": "hostile",
        "sounds": [
            "warden/death1",
            "warden/death2"
        ]
    },
    "warden.dig": {
        "category": "hostile",
        "sounds": [
            "warden/dig"
        ]
    },
    "warden.emerge": {
        "category": "hostile",
        "sounds": [
            "warden/emerge"
        ]
    }
}